{"cameraMode":{"drawMode":0,"name":"Shaded","section":"Shading Mode"},"sceneLighting":false,"audioPlay":false,"sceneViewState":{"showFog":true,"showMaterialUpdate":false,"showSkybox":false,"showFlares":true,"showImageEffects":true,"showParticleSystems":true},"in2DMode":false,"pivot":{"x":10.783447265625,"y":1.957855224609375,"z":-6.421875},"rotation":{"x":0.016496317461133004,"y":-0.9387617111206055,"z":0.04538683965802193,"w":0.34119391441345217},"size":2.123011350631714,"orthographic":true}