{"cameraMode":{"drawMode":0,"name":"Shaded","section":"Shading Mode"},"sceneLighting":false,"audioPlay":false,"sceneViewState":{"showFog":true,"showMaterialUpdate":false,"showSkybox":false,"showFlares":true,"showImageEffects":true,"showParticleSystems":true},"in2DMode":false,"pivot":{"x":2.882401943206787,"y":1.760600209236145,"z":1.796547770500183},"rotation":{"x":0.13613031804561616,"y":-0.15682388842105866,"z":0.021829573437571527,"w":0.977957546710968},"size":1.1630737781524659,"orthographic":false}