{"cameraMode":{"drawMode":0,"name":"Shaded","section":"Shading Mode"},"sceneLighting":true,"audioPlay":false,"sceneViewState":{"showFog":true,"showMaterialUpdate":false,"showSkybox":true,"showFlares":true,"showImageEffects":true,"showParticleSystems":true},"in2DMode":false,"pivot":{"x":629.1619873046875,"y":357.11798095703127,"z":-185.8155517578125},"rotation":{"x":0.009309272281825543,"y":-0.009003632701933384,"z":0.00008376684854738414,"w":0.9999188780784607},"size":215.20787048339845,"orthographic":false}