{"cameraMode":{"drawMode":0,"name":"Shaded","section":"Shading Mode"},"sceneLighting":true,"audioPlay":false,"sceneViewState":{"showFog":true,"showMaterialUpdate":false,"showSkybox":true,"showFlares":true,"showImageEffects":true,"showParticleSystems":true},"in2DMode":false,"pivot":{"x":348.6376953125,"y":284.8247985839844,"z":-149.77139282226563},"rotation":{"x":0.05078355595469475,"y":0.20378322899341584,"z":-0.010583090595901013,"w":0.9776446223258972},"size":246.0862579345703,"orthographic":false}