{"cameraMode":{"drawMode":0,"name":"Shaded","section":"Shading Mode"},"sceneLighting":true,"audioPlay":false,"sceneViewState":{"showFog":true,"showMaterialUpdate":false,"showSkybox":true,"showFlares":true,"showImageEffects":true,"showParticleSystems":true},"in2DMode":false,"pivot":{"x":9.784972190856934,"y":0.3648052215576172,"z":4.631389617919922},"rotation":{"x":0.6291029453277588,"y":1.0266011152282318e-8,"z":-8.435349085900157e-10,"w":0.7773228287696838},"size":12.79211711883545,"orthographic":false}