{"cameraMode":{"drawMode":0,"name":"Shaded","section":"Shading Mode"},"sceneLighting":true,"audioPlay":false,"sceneViewState":{"showFog":true,"showMaterialUpdate":false,"showSkybox":true,"showFlares":true,"showImageEffects":true,"showParticleSystems":true},"in2DMode":false,"pivot":{"x":5.11555814743042,"y":0.00235748291015625,"z":-0.11136417090892792},"rotation":{"x":0.6987338066101074,"y":0.03642331063747406,"z":-0.03566635400056839,"w":0.7135633230209351},"size":5.707395553588867,"orthographic":false}