{"cameraMode":{"drawMode":0,"name":"Shaded","section":"Shading Mode"},"sceneLighting":true,"audioPlay":false,"sceneViewState":{"showFog":true,"showMaterialUpdate":false,"showSkybox":true,"showFlares":true,"showImageEffects":true,"showParticleSystems":true},"in2DMode":false,"pivot":{"x":661.5333862304688,"y":264.46307373046877,"z":-39.17919921875},"rotation":{"x":-0.01530866976827383,"y":-0.0069021740928292278,"z":0.00010565559205133468,"w":-0.9998608827590942},"size":276.3081970214844,"orthographic":false}