{"cameraMode":{"drawMode":0,"name":"Shaded","section":"Shading Mode"},"sceneLighting":true,"audioPlay":false,"sceneViewState":{"showFog":true,"showMaterialUpdate":false,"showSkybox":true,"showFlares":true,"showImageEffects":true,"showParticleSystems":true},"in2DMode":false,"pivot":{"x":18.86669921875,"y":3.1824951171875,"z":-12.8974609375},"rotation":{"x":0.06162892282009125,"y":-0.3665733337402344,"z":0.02434188313782215,"w":0.9280331134796143},"size":1.8292951583862305,"orthographic":true}