{"cameraMode":{"drawMode":0,"name":"Shaded","section":"Shading Mode"},"sceneLighting":false,"audioPlay":false,"sceneViewState":{"showFog":true,"showMaterialUpdate":false,"showSkybox":false,"showFlares":true,"showImageEffects":true,"showParticleSystems":true},"in2DMode":false,"pivot":{"x":6.029133319854736,"y":0.2914476990699768,"z":3.0741987228393556},"rotation":{"x":0.5089714527130127,"y":-0.00516463303938508,"z":0.003053863300010562,"w":0.860762357711792},"size":1.1255404949188233,"orthographic":false}