{"cameraMode":{"drawMode":0,"name":"Shaded","section":"Shading Mode"},"sceneLighting":true,"audioPlay":false,"sceneViewState":{"showFog":true,"showMaterialUpdate":false,"showSkybox":true,"showFlares":true,"showImageEffects":true,"showParticleSystems":true},"in2DMode":false,"pivot":{"x":9.162582397460938,"y":14.2265625,"z":4.147216796875},"rotation":{"x":0.6979355812072754,"y":-0.000005665383014274994,"z":-0.000005847249667567667,"w":0.7161741852760315},"size":26.274707794189454,"orthographic":true}