{"cameraMode":{"drawMode":0,"name":"Shaded","section":"Shading Mode"},"sceneLighting":true,"audioPlay":false,"sceneViewState":{"showFog":true,"showMaterialUpdate":false,"showSkybox":true,"showFlares":true,"showImageEffects":true,"showParticleSystems":true},"in2DMode":false,"pivot":{"x":-0.9387016296386719,"y":-1.0525717735290528,"z":-0.7638145685195923},"rotation":{"x":0.6645530462265015,"y":-0.0022420946042984726,"z":0.0019934452138841154,"w":0.7472374439239502},"size":9.848097801208496,"orthographic":false}