{"cameraMode":{"drawMode":0,"name":"Shaded","section":"Shading Mode"},"sceneLighting":true,"audioPlay":false,"sceneViewState":{"showFog":true,"showMaterialUpdate":false,"showSkybox":true,"showFlares":true,"showImageEffects":true,"showParticleSystems":true},"in2DMode":false,"pivot":{"x":8.197061538696289,"y":-1.3922338485717774,"z":6.55803108215332},"rotation":{"x":0.6260653138160706,"y":-0.0023391887079924347,"z":0.0018781799590215088,"w":0.7797655463218689},"size":8.099924087524414,"orthographic":false}