{"cameraMode":{"drawMode":0,"name":"Shaded","section":"Shading Mode"},"sceneLighting":true,"audioPlay":false,"sceneViewState":{"showFog":true,"showMaterialUpdate":false,"showSkybox":true,"showFlares":true,"showImageEffects":true,"showParticleSystems":true},"in2DMode":false,"pivot":{"x":4.336856842041016,"y":-2.66796875,"z":4.14013671875},"rotation":{"x":0.0023982247803360225,"y":6.530240170832258e-8,"z":3.891270949907266e-8,"w":0.9999989867210388},"size":12.29701042175293,"orthographic":true}