{"cameraMode":{"drawMode":0,"name":"Shaded","section":"Shading Mode"},"sceneLighting":true,"audioPlay":false,"sceneViewState":{"showFog":true,"showMaterialUpdate":false,"showSkybox":true,"showFlares":true,"showImageEffects":true,"showParticleSystems":true},"in2DMode":false,"pivot":{"x":15.868083953857422,"y":2.7154734134674074,"z":4.350582122802734},"rotation":{"x":0.5325548052787781,"y":-0.02538331039249897,"z":0.015981828793883325,"w":0.8458666801452637},"size":3.8924572467803957,"orthographic":false}