{"cameraMode":{"drawMode":0,"name":"Shaded","section":"Shading Mode"},"sceneLighting":true,"audioPlay":false,"sceneViewState":{"showFog":true,"showMaterialUpdate":false,"showSkybox":true,"showFlares":true,"showImageEffects":true,"showParticleSystems":true},"in2DMode":false,"pivot":{"x":5.767782211303711,"y":18.011621475219728,"z":-12.745321273803711},"rotation":{"x":-0.34265783429145815,"y":-0.017757460474967958,"z":0.006477937567979097,"w":-0.9392701983451843},"size":10.258121490478516,"orthographic":false}